{"bgm":"bgm","length":257.35836791992188,"time":[0.0,0.1,0.2,0.3,0.4,0.5,0.6,0.7,0.8,0.9,0.92,0.94,0.96,0.98,1.0,1.02,1.04,1.06,1.08,1.1,1.2,1.3,1.4,1.5,1.6,1.7,1.8,1.9,2.0,2.1,2.2,2.3,2.4,2.5,2.6,2.7,2.8,2.9,3.0,3.02,3.04,3.06,3.08,3.1,3.2,3.3,3.4,3.5,3.6,3.7,3.8,3.9,4.0,4.1,4.2,4.3,4.4,4.5,4.6,4.7,4.8,4.9,5.0,5.02,5.04,5.06,5.07999999999999,5.1,5.2,5.3,5.4,5.5,5.6,5.7,5.8,5.9,6.0,6.1,6.2,6.3,6.4,6.5,6.6,6.7,6.8,6.9,7.0,7.02,7.04,7.05999999999999,7.07999999999999,7.1,7.2,7.3,7.4,7.5,7.6,7.7,7.8,7.9,8.0,8.1,8.2,8.3,8.4,8.5,8.6,8.7,8.8,8.9,9.0,9.02,9.04,9.06,9.08,9.1,9.2,9.3,9.4,9.5,9.6,9.7,9.8,9.9,10.0,10.1,10.2,10.3,10.4,10.5,10.6,10.7,10.8,10.9,11.0,11.1,11.2,11.3,11.4,11.5,11.6,11.7,11.8,11.9,12.0,12.02,12.04,12.06,12.08,12.1,12.2,12.3,12.4,12.5,12.6,12.7,12.8,12.9,13.0,13.1,13.2,13.3,13.4,13.5,13.6,13.7,13.8,13.9,14.0,14.1,14.2,14.3,14.4,14.5,14.6,14.7,14.8,14.9,15.0,15.02,15.04,15.06,15.0800000000001,15.1,15.2,15.3,15.4,15.5,15.6,15.7,15.8,15.9,16.0,16.1,16.2,16.3,16.4,16.5,16.6,16.7,16.8,16.9,17.0,17.1,17.2,17.3,17.4,17.5,17.6,17.7,17.8,17.9,18.0,18.02,18.04,18.0600000000001,18.0800000000001,18.1,18.2,18.3,18.4,18.5,18.6,18.7,18.8,18.9,19.0,19.1,19.2,19.3,19.4,19.5,19.6,19.7,19.8,19.9,20.0,20.1,20.2,20.3,20.4,20.5,20.6,20.7,20.8,20.9,21.0,21.1,21.2,21.3,21.4,21.5,21.6,21.7,21.8,21.9,22.0,22.1,22.2,22.3,22.4,22.5,22.6,22.7,22.8,22.9,23.0,23.1,23.1999999999999,23.3,23.3999999999999,23.5,23.5999999999999,23.6999999999999,23.7999999999999,23.8999999999999,23.9999999999999,24.0999999999999,24.1999999999999,24.2999999999999,24.3999999999999,24.4999999999999,24.5999999999999,24.6999999999999,24.7999999999999,24.8999999999999,24.9999999999999,25.0999999999999,25.1999999999999,25.3,25.4,25.5,25.6,25.7,25.8,25.9,26.0,26.1,26.2,26.3,26.4,26.5,26.6,26.7,26.8,26.9,27.0,27.1,27.2,27.3,27.4,27.5,27.6,27.7,27.8,27.9,28.0,28.1,28.2,28.3,28.4,28.5,28.6,28.7,28.8,28.9,29.0,29.1,29.2,29.3,29.4,29.5,29.6,29.7,29.8,29.9,30.0,30.1,30.2,30.3,30.4,30.5,30.6,30.7,30.8,30.9,31.0,31.1,31.2,31.3,31.4,31.5,31.6,31.7,31.8,31.9,32.0,32.1000000000001,32.2,32.3000000000001,32.4,32.5000000000001,32.6000000000001,32.7000000000001,32.8000000000001,32.9000000000001,33.0000000000001,33.1000000000001,33.2000000000001,33.3000000000001,33.4000000000001,33.5000000000001,33.6000000000001,33.7000000000001,33.8000000000001,33.9000000000001,34.0000000000001,34.1000000000001,34.2000000000001,34.3000000000001,34.4000000000001,34.5000000000001,34.6000000000001,34.7000000000001,34.8000000000001,34.9000000000001,35.0000000000001,35.1000000000001,35.2000000000001,35.3000000000001,35.4000000000001,35.5000000000001,35.6000000000001,35.7000000000001,35.8000000000001,35.9000000000001,36.0000000000001,36.1000000000001,36.2000000000001,36.3000000000001,36.4000000000001,36.5000000000001,36.6000000000001,36.7000000000001,36.8000000000001,36.9000000000001,37.0000000000001,37.1000000000001,37.2000000000001,37.3000000000001,37.4000000000001,37.5000000000001,37.6000000000001,37.7000000000001,37.8000000000001,37.9000000000001,38.0000000000001,38.1000000000001,38.2000000000001,38.3000000000001,38.4000000000001,38.5000000000001,38.6000000000001,38.7000000000001,38.8000000000001,38.9000000000001,39.0000000000001,39.1000000000002,39.2000000000001,39.3000000000002,39.4000000000001,39.5000000000002,39.6000000000002,39.7000000000002,39.8000000000002,39.9000000000002,40.0000000000002,40.1000000000002,40.2000000000002,40.3000000000002,40.4000000000002,40.5000000000002,40.6000000000002,40.7000000000002,40.8000000000002,40.9000000000002,41.0000000000002,41.1000000000002,41.2000000000002,41.3000000000002,41.4000000000002,41.5000000000002,41.6000000000002,41.7000000000002,41.8000000000002,41.9000000000002,42.0000000000002,42.1000000000002,42.2000000000002,42.3000000000002,42.4000000000002,42.5000000000002,42.6000000000002,42.7000000000002,42.8000000000002,42.9000000000002,43.0000000000002,43.1000000000002,43.2000000000002,43.3000000000002,43.4000000000002,43.5000000000002,43.6000000000002,43.7000000000002,43.8000000000002,43.9000000000002,44.0000000000002,44.1000000000002,44.2000000000002,44.3000000000002,44.4000000000002,44.5000000000002,44.6000000000002,44.7000000000002,44.8000000000002,44.9000000000002,45.0000000000002,45.1000000000002,45.2000000000002,45.3000000000002,45.4000000000002,45.5000000000002,45.6000000000002,45.7000000000002,45.8000000000002,45.9000000000002,46.0000000000002,46.1000000000003,46.2000000000002,46.3000000000003,46.4000000000002,46.5000000000003,46.6000000000003,46.7000000000003,46.8000000000003,46.9000000000003,47.0000000000003,47.1000000000003],